time,Year,Species,HYDRO_GP,n,nCheck,modMedian,modMean,modci90lo,modci90up,ci,text
1.5,2018,BB,Group 2,4000,4000,10,10.08375,7,13,6,6 (7 to 13)
1.5,2018,BB,Group 1,4000,4000,11,10.66025,8,13,5,5 (8 to 13)
1.5,2018,BB,Group 3,4000,4000,10,10.31925,7,13,6,6 (7 to 13)
1.5,2018,Cooba,Group 2,4000,4000,10,9.607,6,13,7,7 (6 to 13)
1.5,2018,Cooba,Group 3,4000,4000,11,10.823,7,14,7,7 (7 to 14)
1.5,2018,RRG,Group 2,4000,4000,11,10.99,8,14,6,6 (8 to 14)
1.5,2018,RRG,Group 3,4000,4000,11,10.556,7,14,7,7 (7 to 14)
1.5,2018,RRG,Group 5,4000,4000,11,10.774,7,14,7,7 (7 to 14)
